date,valeur
2021-08-23,68.760002
2021-08-24,69.306999
2021-08-25,69.454002
2021-08-26,69.240997
2021-08-27,69.443001
2021-08-30,69.464996
2021-08-31,69.485001
2021-09-01,69.924004
2021-09-02,71.219002
2021-09-03,70.640999
2021-09-07,69.710999
2021-09-08,70.378998
2021-09-09,69.630997
2021-09-10,70.703003
2021-09-13,71.111
2021-09-14,71.195
2021-09-15,72.088997
2021-09-16,72.072998
2021-09-17,71.917999
2021-09-20,71.358002
2021-09-21,71.574997
2021-09-22,72.143997
2021-09-23,72.351997
2021-09-24,72.448997
2021-09-27,72.611
2021-09-28,72.626999
2021-09-29,72.571999
2021-09-30,72.608002
2021-10-01,76.765999
2021-10-04,78.523003
2021-10-05,79.709999
2021-10-06,78.693001
2021-10-07,79.450996
2021-10-08,79.763
2021-10-11,80.679001
2021-10-12,80.580002
2021-10-13,80.446999
2021-10-14,80.950996
2021-10-15,81.510002
2021-10-18,81.310997
2021-10-19,81.613998
2021-10-20,81.811996
2021-10-21,81.435997
2021-10-22,81.614998
2021-10-25,81.732002
2021-10-26,81.821999
2021-10-27,81.597
2021-10-28,81.549004
2021-10-29,81.584999
2021-11-01,82.384003
2021-11-02,82.536003
2021-11-03,80.158997
2021-11-04,78.945999
2021-11-05,80.939003
2021-11-08,81.615997
2021-11-09,82.579002
2021-11-10,81.273003
2021-11-11,81.667
2021-11-12,81.483002
2021-11-15,81.411003
2021-11-16,81.665001
2021-11-17,80.762001
2021-11-18,81.106003
2021-11-19,80.330002
2021-11-22,80.547997
2021-11-23,81.219002
2021-11-24,81.200996
2021-11-26,80.084
2021-11-29,80.305
2021-11-30,80.276001
2021-12-01,67.734001
2021-12-02,68.616997
2021-12-03,68.908997
2021-12-06,71.653999
2021-12-07,73.538002
2021-12-08,73.693001
2021-12-09,72.721001
2021-12-10,73.189003
2021-12-13,72.708
2021-12-14,72.223
2021-12-15,72.383003
2021-12-16,73.017998
2021-12-17,72.431999
2021-12-20,71.654999
2021-12-21,72.424004
2021-12-22,72.711998
2021-12-23,72.989998
2021-12-27,73.200996
2021-12-28,73.164001
2021-12-29,73.206001
2021-12-30,73.205002
2021-12-31,73.184998
2022-01-03,77.031998
2022-01-04,78.027
2022-01-05,78.811996
2022-01-06,79.695
2022-01-07,79.535004
2022-01-10,78.887001
2022-01-11,80.789001
2022-01-12,81.342003
2022-01-13,81.296997
2022-01-14,82.268997
2022-01-18,83.221001
2022-01-19,83.558998
2022-01-20,83.496002
2022-01-21,83.291
2022-01-24,82.867996
2022-01-25,83.212997
2022-01-26,83.389
2022-01-27,83.333
2022-01-28,83.362
2022-01-31,83.455002
2022-02-01,87.417999
2022-02-02,87.764999
2022-02-03,89.155998
2022-02-04,91.056
2022-02-07,90.757004
2022-02-08,89.281998
2022-02-09,89.883003
2022-02-10,89.917999
2022-02-11,91.790001
2022-02-14,92.605003
2022-02-15,90.859001
2022-02-16,91.557999
2022-02-17,90.670998
2022-02-18,90.897003
2022-02-22,91.837997
2022-02-23,91.703003
2022-02-24,92.073997
2022-02-25,91.928001
2022-02-28,92.339996
2022-03-01,102.004997
2022-03-02,109.400002
2022-03-03,106.578003
2022-03-04,114.949997
2022-03-07,118.18
2022-03-08,122.531998
2022-03-09,110.860001
2022-03-10,110.200996
2022-03-11,112.587997
2022-03-14,109.178001
2022-03-15,105.763
2022-03-16,104.887001
2022-03-17,108.776001
2022-03-18,108.987999
2022-03-21,111.730003
2022-03-22,111.431999
2022-03-23,112.587997
2022-03-24,111.82
2022-03-25,112.098999
2022-03-28,110.839996
2022-03-29,110.554001
2022-03-30,110.891998
2022-03-31,110.893997
2022-04-01,101.853996
2022-04-04,104.766998
2022-04-05,103.269997
2022-04-06,98.808998
2022-04-07,98.424004
2022-04-08,99.716003
2022-04-11,97.015999
2022-04-12,101.487
2022-04-13,103.698997
2022-04-14,104.820999
2022-04-18,105.439003
2022-04-19,103.094002
2022-04-20,103.119003
2022-04-21,103.848
2022-04-22,103.429001
2022-04-25,102.297997
2022-04-26,102.695
2022-04-27,102.692001
2022-04-28,102.764
2022-04-29,102.786003
2022-05-02,103.858002
2022-05-03,103.388
2022-05-04,105.971001
2022-05-05,106.402
2022-05-06,107.571999
2022-05-09,102.792
2022-05-10,100.426003
2022-05-11,104.561996
2022-05-12,104.664001
2022-05-13,107.225998
2022-05-16,108.400002
2022-05-17,106.879997
2022-05-18,105.527
2022-05-19,106.989998
2022-05-20,107.209999
2022-05-23,107.320999
2022-05-24,107.167999
2022-05-25,107.170998
2022-05-26,107.639
2022-05-27,107.754997
2022-05-31,108.132004
2022-06-01,110.905998
2022-06-02,112.021004
2022-06-03,113.831001
2022-06-06,114.010002
2022-06-07,115.286003
2022-06-08,117.503998
2022-06-09,117.089996
2022-06-10,116.675003
2022-06-13,116.639
2022-06-14,115.708
2022-06-15,114.352997
2022-06-16,115.343002
2022-06-17,112.718002
2022-06-21,113.344002
2022-06-22,112.337997
2022-06-23,111.859001
2022-06-24,112.299004
2022-06-27,112.697998
2022-06-28,113.107002
2022-06-29,113.023003
2022-06-30,113.241997
2022-07-01,107.894997
2022-07-05,100.732002
2022-07-06,98.978996
2022-07-07,102.022003
2022-07-08,104.224998
2022-07-11,104.275002
2022-07-12,99.137001
2022-07-13,99.996002
2022-07-14,99.700996
2022-07-15,101.033997
2022-07-18,103.583
2022-07-19,103.782997
2022-07-20,103.542999
2022-07-21,102.544998
2022-07-22,102.317001
2022-07-25,102.630997
2022-07-26,102.656998
2022-07-27,102.750999
2022-07-28,102.796997
2022-07-29,103.123001
2022-08-01,97.874001
2022-08-02,99.401001
2022-08-03,95.970001
2022-08-04,94.084
2022-08-05,94.406998
2022-08-08,96.043999
2022-08-09,95.974998
2022-08-10,96.865997
2022-08-11,98.177002
2022-08-12,96.478996
2022-08-15,94.968002
2022-08-16,93.463997
2022-08-17,94.036003
2022-08-18,95.179001
2022-08-19,95.389
2022-08-22,95.388
2022-08-23,96.406998
2022-08-24,96.457001
2022-08-25,96.226997
2022-08-26,96.526001
2022-08-29,96.879997
2022-08-30,96.507004
2022-08-31,96.600998
2022-09-01,92.080002
2022-09-02,92.602997
2022-09-06,93.133003
2022-09-07,89.362999
2022-09-08,90.166
2022-09-09,92.775002
2022-09-12,93.356003
2022-09-13,92.508003
2022-09-14,93.352997
2022-09-15,91.976997
2022-09-16,92.262001
2022-09-19,92.463997
2022-09-20,91.903
2022-09-21,91.814003
2022-09-22,92.176003
2022-09-23,91.016998
2022-09-26,90.504997
2022-09-27,90.719002
2022-09-28,90.904999
2022-09-29,90.811996
2022-09-30,90.911003
2022-10-03,88.026001
2022-10-04,90.903999
2022-10-05,92.117996
2022-10-06,92.983002
2022-10-07,95.803001
2022-10-10,94.421997
2022-10-11,92.933998
2022-10-12,91.575996
2022-10-13,92.421997
2022-10-14,90.785004
2022-10-17,90.706001
2022-10-18,89.916
2022-10-19,90.528
2022-10-20,90.543999
2022-10-21,90.952003
2022-10-24,90.879997
2022-10-25,90.844002
2022-10-26,91.161003
2022-10-27,91.264999
2022-10-28,91.113998
2022-10-31,91.129997
2022-11-01,91.220001
2022-11-02,91.867996
2022-11-03,89.495003
2022-11-04,93.626999
2022-11-07,92.684998
2022-11-08,90.621002
2022-11-09,88.802002
2022-11-10,89.356003
2022-11-11,91.108002
2022-11-14,89.499001
2022-11-15,89.439003
2022-11-16,88.936996
2022-11-17,87.586998
2022-11-18,86.855003
2022-11-21,86.623001
2022-11-22,86.601997
2022-11-23,85.883003
2022-11-25,85.788002
2022-11-28,85.971001
2022-11-29,86.185997
2022-11-30,86.223
2022-12-01,80.942001
2022-12-02,80.098999
2022-12-05,77.522003
2022-12-06,75.120003
2022-12-07,73.876999
2022-12-08,73.453003
2022-12-09,73.707001
2022-12-12,75.126999
2022-12-13,76.620003
2022-12-14,77.665001
2022-12-15,76.898003
2022-12-16,75.888
2022-12-19,76.307999
2022-12-20,76.403999
2022-12-21,77.098
2022-12-22,76.871002
2022-12-23,77.476997
2022-12-27,77.515999
2022-12-28,77.394997
2022-12-29,77.244003
2022-12-30,77.195999
2023-01-03,77.908997
2023-01-04,74.691002
2023-01-05,75.459
2023-01-06,75.396004
2023-01-09,76.426003
2023-01-10,77.064003
2023-01-11,78.679001
2023-01-12,79.387001
2023-01-13,80.018997
2023-01-17,80.662003
2023-01-18,80.188004
2023-01-19,80.490997
2023-01-20,80.996002
2023-01-23,81.068001
2023-01-24,80.596001
2023-01-25,80.571999
2023-01-26,80.737
2023-01-27,80.584999
2023-01-30,80.415001
2023-01-31,80.380997
2023-02-01,80.322998
2023-02-02,80.070999
2023-02-03,78.096001
2023-02-06,78.972
2023-02-07,81.185997
2023-02-08,82.165001
2023-02-09,81.860001
2023-02-10,83.152
2023-02-13,83.515999
2023-02-14,83.046997
2023-02-15,82.947998
2023-02-16,82.827003
2023-02-17,82.069
2023-02-21,82.167
2023-02-22,81.685997
2023-02-23,81.985001
2023-02-24,82.119003
2023-02-27,82.051003
2023-02-28,82.084999
2023-03-01,82.345001
2023-03-02,83.057999
2023-03-03,84.310997
2023-03-06,84.396004
2023-03-07,82.069
2023-03-08,81.973999
2023-03-09,81.237999
2023-03-10,82.158997
2023-03-13,81.013
2023-03-14,79.199997
2023-03-15,77.252998
2023-03-16,77.848
2023-03-17,77.135002
2023-03-20,77.365997
2023-03-21,77.971001
2023-03-22,78.350998
2023-03-23,78.134003
2023-03-24,77.855003
2023-03-27,78.399002
2023-03-28,78.445999
2023-03-29,78.407997
2023-03-30,78.471001
2023-03-31,78.492996
2023-04-03,84.689003
2023-04-04,84.469002
2023-04-05,84.592003
2023-04-06,84.986
2023-04-10,84.276001
2023-04-11,85.190002
2023-04-12,86.348999
2023-04-13,85.613998
2023-04-14,85.639999
2023-04-17,84.949997
2023-04-18,84.996002
2023-04-19,84.361
2023-04-20,83.550003
2023-04-21,83.709999
2023-04-24,83.902
2023-04-25,83.617996
2023-04-26,83.231003
2023-04-27,83.320999
2023-04-28,83.412003
2023-05-01,79.238998
2023-05-02,75.013
2023-05-03,72.276001
2023-05-04,72.501999
2023-05-05,74.875999
2023-05-08,76.252998
2023-05-09,76.550003
2023-05-10,75.640999
2023-05-11,74.742996
2023-05-12,74.014
2023-05-15,74.542
2023-05-16,74.420998
2023-05-17,75.183998
2023-05-18,74.755997
2023-05-19,74.609001
2023-05-22,74.765999
2023-05-23,74.987999
2023-05-24,75.412003
2023-05-25,75.0
2023-05-26,75.139
2023-05-30,74.948997
2023-05-31,74.925003
2023-06-01,72.754997
2023-06-02,74.407997
2023-06-05,75.138
2023-06-06,75.498001
2023-06-07,75.834
2023-06-08,75.198997
2023-06-09,74.382004
2023-06-12,72.405998
2023-06-13,73.894997
2023-06-14,73.419998
2023-06-15,74.689003
2023-06-16,75.195999
2023-06-20,75.098999
2023-06-21,75.698997
2023-06-22,74.914001
2023-06-23,74.876999
2023-06-26,74.928001
2023-06-27,74.780998
2023-06-28,74.935997
2023-06-29,74.949997
2023-06-30,74.991997
2023-07-03,74.911003
2023-07-05,76.424004
2023-07-06,76.537003
2023-07-07,78.240997
2023-07-10,77.616997
2023-07-11,78.794998
2023-07-12,79.074997
2023-07-13,79.885002
2023-07-14,79.309998
2023-07-17,78.829002
2023-07-18,79.333
2023-07-19,79.301003
2023-07-20,79.413002
2023-07-21,79.903
2023-07-24,80.299004
2023-07-25,80.487
2023-07-26,80.293999
2023-07-27,80.416
2023-07-28,80.431
2023-07-31,80.445
2023-08-01,85.581001
2023-08-02,84.317001
2023-08-03,86.184998
2023-08-04,87.231003
2023-08-07,86.752998
2023-08-08,87.474998
2023-08-09,88.175003
2023-08-10,87.318001
2023-08-11,87.627998
2023-08-14,87.203003
2023-08-15,86.393997
2023-08-16,85.683998
2023-08-17,86.003998
2023-08-18,86.440002
2023-08-21,86.359001
2023-08-22,86.276001
2023-08-23,86.085999
2023-08-24,86.179001
2023-08-25,86.402
2023-08-28,86.385002
2023-08-29,86.43
2023-08-30,86.424004
2023-08-31,86.464996
2023-09-01,89.682999
2023-09-05,90.802002
2023-09-06,91.694
2023-09-07,90.863998
2023-09-08,91.369003
2023-09-11,91.379997
2023-09-12,92.341003
2023-09-13,92.183998
2023-09-14,93.447998
2023-09-15,93.555
2023-09-18,93.644997
2023-09-19,93.146004
2023-09-20,93.135002
2023-09-21,93.037003
2023-09-22,93.051003
2023-09-25,92.908997
2023-09-26,93.025002
2023-09-27,93.263
2023-09-28,93.160004
2023-09-29,93.309998
2023-10-02,91.328003
2023-10-03,91.431
2023-10-04,86.932999
2023-10-05,85.504997
2023-10-06,85.883003
2023-10-09,88.535004
2023-10-10,88.220001
2023-10-11,87.212997
2023-10-12,87.366997
2023-10-13,90.115997
2023-10-16,89.605003
2023-10-17,89.839996
2023-10-18,90.528999
2023-10-19,90.834
2023-10-20,90.664001
2023-10-23,90.074997
2023-10-24,89.536003
2023-10-25,90.024002
2023-10-26,89.640999
2023-10-27,89.875999
2023-10-30,89.675003
2023-10-31,89.760002
2023-11-01,85.239998
2023-11-02,87.648003
2023-11-03,85.927002
2023-11-06,86.324997
2023-11-07,83.584999
2023-11-08,82.203003
2023-11-09,82.442001
2023-11-10,83.351997
2023-11-13,83.862
2023-11-14,83.816002
2023-11-15,83.209999
2023-11-16,81.514999
2023-11-17,83.077003
2023-11-20,83.778999
2023-11-21,83.920998
2023-11-22,83.761002
2023-11-24,83.396004
2023-11-27,83.317001
2023-11-28,83.459999
2023-11-29,83.492996
2023-11-30,83.560997
2023-12-01,79.444
2023-12-04,78.194
2023-12-05,77.477997
2023-12-06,75.303001
2023-12-07,75.265999
2023-12-08,76.513
2023-12-11,76.768997
2023-12-12,74.976997
2023-12-13,74.865997
2023-12-14,76.304001
2023-12-15,76.343002
2023-12-18,76.719002
2023-12-19,77.193001
2023-12-20,77.362999
2023-12-21,77.265999
2023-12-22,77.287003
2023-12-26,77.589996
2023-12-27,77.389999
2023-12-28,77.291
2023-12-29,77.331001
2024-01-02,75.966003
2024-01-03,78.204002
2024-01-04,77.140999
2024-01-05,78.290001
2024-01-08,76.161003
2024-01-09,77.413002
2024-01-10,77.038002
2024-01-11,77.478996
2024-01-12,77.880997
2024-01-16,77.697998
2024-01-17,77.445999
2024-01-18,77.992996
2024-01-19,77.773003
2024-01-22,78.304001
2024-01-23,78.179001
2024-01-24,78.333
2024-01-25,78.814003
2024-01-26,78.892998
2024-01-29,78.780998
2024-01-30,78.834
2024-01-31,78.847
2024-02-01,78.569
2024-02-02,77.363998
2024-02-05,78.080002
2024-02-06,78.345001
2024-02-07,78.852997
2024-02-08,80.561996
2024-02-09,80.656998
2024-02-12,80.587997
2024-02-13,81.096001
2024-02-14,80.414001
2024-02-15,81.022003
2024-02-16,81.235001
2024-02-20,80.779999
2024-02-21,81.018997
2024-02-22,81.186996
2024-02-23,80.713997
2024-02-26,80.834999
2024-02-27,80.931
2024-02-28,80.859001
2024-02-29,80.884003
2024-03-01,83.070999
2024-03-04,82.058998
2024-03-05,81.616997
2024-03-06,82.415001
2024-03-07,82.442001
2024-03-08,81.973999
2024-03-11,82.277
2024-03-12,82.144997
2024-03-13,83.455002
2024-03-14,83.897003
2024-03-15,83.817001
2024-03-18,84.470001
2024-03-19,84.622002
2024-03-20,84.149002
2024-03-21,84.140999
2024-03-22,84.028999
2024-03-25,84.226997
2024-03-26,84.142998
2024-03-27,84.107002
2024-03-28,84.152
2024-04-01,87.773003
2024-04-02,89.241997
2024-04-03,89.625999
2024-04-04,90.527
2024-04-05,90.744003
2024-04-08,90.018997
2024-04-09,89.432999
2024-04-10,90.132004
2024-04-11,89.790001
2024-04-12,90.223
2024-04-15,89.958
2024-04-16,89.913002
2024-04-17,88.842003
2024-04-18,88.811996
2024-04-19,88.815002
2024-04-22,88.724998
2024-04-23,89.039001
2024-04-24,89.024002
2024-04-25,89.184998
2024-04-26,89.188004
2024-04-29,89.112
2024-04-30,89.171997
2024-05-01,83.459999
2024-05-02,83.870003
2024-05-03,83.195999
2024-05-06,83.556999
2024-05-07,83.570999
2024-05-08,84.157997
2024-05-09,84.184998
2024-05-10,83.646004
2024-05-13,84.141998
2024-05-14,83.556999
2024-05-15,83.667
2024-05-16,83.944
2024-05-17,84.377998
2024-05-20,84.329002
2024-05-21,84.126999
2024-05-22,83.764
2024-05-23,83.646004
2024-05-24,83.825996
2024-05-28,84.149002
2024-05-29,84.052002
2024-05-30,84.004997
2024-05-31,84.035004
2024-06-03,79.167
2024-06-04,78.456001
2024-06-05,78.866997
2024-06-06,80.009003
2024-06-07,79.792999
2024-06-10,81.262001
2024-06-11,81.358002
2024-06-12,81.683998
2024-06-13,81.601997
2024-06-14,81.527
2024-06-17,82.148003
2024-06-18,82.487999
2024-06-20,82.570999
2024-06-21,82.418999
2024-06-24,82.600998
2024-06-25,82.422997
2024-06-26,82.468002
2024-06-27,82.490997
2024-06-28,82.549004
2024-07-01,86.497002
2024-07-02,85.952003
2024-07-03,87.149002
2024-07-05,86.478996
2024-07-08,86.031998
2024-07-09,85.211998
2024-07-10,85.418999
2024-07-11,85.546997
2024-07-12,85.110001
2024-07-15,85.127998
2024-07-16,84.568001
2024-07-17,85.209
2024-07-18,85.064003
2024-07-19,84.210999
2024-07-22,84.151001
2024-07-23,83.778
2024-07-24,83.932999
2024-07-25,84.071999
2024-07-26,83.880997
2024-07-29,83.747002
2024-07-30,83.725998
2024-07-31,83.830002
2024-08-01,78.628998
2024-08-02,76.296997
2024-08-05,75.280998
2024-08-06,75.346001
2024-08-07,76.934998
2024-08-08,77.503998
2024-08-09,77.393997
2024-08-12,79.663002
2024-08-13,78.416
2024-08-14,77.892998
2024-08-15,78.794998
2024-08-16,78.046997
2024-08-19,77.236
2024-08-20,77.207001
2024-08-21,76.733002
2024-08-22,77.126999
2024-08-23,77.528999
2024-08-26,78.004997
2024-08-27,77.610001
2024-08-28,77.532997
2024-08-29,77.541
2024-08-30,77.596001
2024-09-03,73.593002
2024-09-04,73.070999
2024-09-05,73.141998
2024-09-06,72.082001
2024-09-09,72.68
2024-09-10,70.891998
2024-09-11,71.919998
2024-09-12,72.654999
2024-09-13,72.639
2024-09-16,73.106003
2024-09-17,73.599998
2024-09-18,73.521004
2024-09-19,73.966003
2024-09-20,73.714996
2024-09-23,73.514999
2024-09-24,73.824997
2024-09-25,73.544998
2024-09-26,73.335999
2024-09-27,73.445999
2024-09-30,73.514
2024-10-01,73.198997
2024-10-02,73.598999
2024-10-03,76.666
2024-10-04,76.765999
2024-10-07,78.917999
2024-10-08,76.402
2024-10-09,76.093002
2024-10-10,77.963997
2024-10-11,77.738998
2024-10-14,76.915001
2024-10-15,75.250999
2024-10-16,75.162003
2024-10-17,75.18
2024-10-18,74.662003
2024-10-21,75.130997
2024-10-22,75.587997
2024-10-23,75.271004
2024-10-24,75.225998
2024-10-25,75.457001
2024-10-28,74.887001
2024-10-29,74.867996
2024-10-30,74.940002
2024-10-31,74.940002
2024-11-01,72.012001
2024-11-04,74.055
2024-11-05,74.477997
2024-11-06,73.848999
2024-11-07,74.429001
2024-11-08,73.052002
2024-11-11,71.774002
2024-11-12,71.910004
2024-11-13,72.192001
2024-11-14,72.281998
2024-11-15,71.555
2024-11-18,72.530998
2024-11-19,72.500999
2024-11-20,72.349998
2024-11-21,72.834
2024-11-22,73.065002
2024-11-25,72.599998
2024-11-26,72.596001
2024-11-27,72.598999
2024-11-29,72.617996
2024-12-02,71.351997
2024-12-03,73.070999
2024-12-04,71.962997
2024-12-05,71.787003
2024-12-06,71.155998
2024-12-09,71.960999
2024-12-10,71.941002
2024-12-11,72.796997
2024-12-12,72.790001
2024-12-13,73.410004
2024-12-16,73.129997
2024-12-17,72.852997
2024-12-18,72.939003
2024-12-19,72.761002
2024-12-20,72.789001
2024-12-23,72.735001
2024-12-24,72.948997
2024-12-26,72.936996
2024-12-27,73.061996
2024-12-30,73.154999
2024-12-31,73.234001
2025-01-02,76.137001
2025-01-03,76.674004
2025-01-06,76.512001
2025-01-07,76.989998
2025-01-08,76.276001
2025-01-09,76.782997
2025-01-10,78.755997
2025-01-13,80.066002
2025-01-14,79.499001
2025-01-15,80.980003
2025-01-16,80.740997
2025-01-17,80.903999
2025-01-21,80.794998
2025-01-22,80.614998
2025-01-23,80.581001
2025-01-24,80.653
2025-01-27,80.436996
2025-01-28,80.488998
2025-01-29,80.541
2025-01-30,80.541
2025-01-31,80.410004
2025-02-03,78.056
2025-02-04,78.337997
2025-02-05,77.162003
2025-02-06,77.039001
2025-02-07,77.592003
2025-02-10,78.343002
2025-02-11,79.003998
2025-02-12,77.998001
2025-02-13,77.678001
2025-02-14,77.640999
2025-02-18,78.144997
2025-02-19,78.385002
2025-02-20,78.542999
2025-02-21,77.940002
2025-02-24,78.013
2025-02-25,77.750999
2025-02-26,77.754997
2025-02-27,77.867996
2025-02-28,77.919998
2025-03-03,72.32
2025-03-04,71.160004
2025-03-05,70.042
2025-03-06,70.428001
2025-03-07,71.093002
2025-03-10,70.555
2025-03-11,70.82
2025-03-12,71.443001
2025-03-13,70.956001
2025-03-14,71.391998
2025-03-17,71.714996
2025-03-18,71.571999
2025-03-19,71.723999
2025-03-20,72.230003
2025-03-21,72.260002
2025-03-24,72.363998
2025-03-25,72.375
2025-03-26,72.439003
2025-03-27,72.445
2025-03-28,72.487999
2025-03-31,75.911003
2025-04-01,75.911003
2025-04-02,76.557999
2025-04-03,72.530998
2025-04-04,69.024002
2025-04-07,67.175003
2025-04-08,66.002998
2025-04-09,67.825996
2025-04-10,66.464996
2025-04-11,67.287003
2025-04-14,67.230003
2025-04-15,67.264999
2025-04-16,67.903999
2025-04-17,68.773003
2025-04-21,68.143997
2025-04-22,68.441002
2025-04-23,68.072998
2025-04-24,68.101997
2025-04-25,68.139
2025-04-28,67.945
2025-04-29,67.781998
2025-04-30,67.737999
2025-05-01,62.259998
2025-05-02,61.365002
2025-05-05,60.321999
2025-05-06,61.987
2025-05-07,61.529999
2025-05-08,62.994999
2025-05-09,63.831001
2025-05-12,64.392998
2025-05-13,65.454002
2025-05-14,64.714996
2025-05-15,63.511002
2025-05-16,64.066002
2025-05-19,64.028
2025-05-20,63.959
2025-05-21,63.896
2025-05-22,63.679001
2025-05-23,63.692001
2025-05-27,63.534
2025-05-28,63.653
2025-05-29,63.671001
2025-05-30,63.733002
2025-06-02,63.633999
2025-06-03,64.886002
2025-06-04,64.139999
2025-06-05,64.468002
2025-06-06,65.444
2025-06-09,65.879997
2025-06-10,65.874001
2025-06-11,67.795998
2025-06-12,67.405998
2025-06-13,69.925003
2025-06-16,69.342003
2025-06-17,70.848999
2025-06-18,70.834999
2025-06-20,71.195
2025-06-23,69.882004
2025-06-24,69.126999
2025-06-25,69.123001
2025-06-26,69.141998
2025-06-27,69.191002
2025-06-30,69.267998
2025-07-01,67.896004
2025-07-02,69.875
2025-07-03,69.529999
2025-07-07,70.331001
2025-07-08,70.753998
2025-07-09,70.696999
2025-07-10,69.809998
2025-07-11,70.778999
2025-07-14,70.061996
2025-07-15,70.003998
2025-07-16,69.93
2025-07-17,70.244003
2025-07-18,70.168999
2025-07-21,70.315002
2025-07-22,70.208
2025-07-23,70.258003
2025-07-24,70.476997
2025-07-25,70.363998
2025-07-28,70.592003
2025-07-29,70.830002
2025-07-30,70.851997
2025-07-31,70.865997
2025-08-01,71.510002
2025-08-04,70.641998
2025-08-05,69.560997
2025-08-06,69.154999
2025-08-07,69.125999
2025-08-08,69.221001
2025-08-11,69.029999
2025-08-12,68.709999
2025-08-13,68.320999
2025-08-14,69.079002
2025-08-15,68.609001
2025-08-18,68.940002
2025-08-19,68.589996
2025-08-20,69.071999
2025-08-21,69.351997
2025-08-22,69.461998
2025-08-25,69.643997
2025-08-26,69.372002
2025-08-27,69.394997
2025-08-28,69.375999
2025-08-29,69.385002
2025-09-02,71.676003
2025-09-03,70.032997
2025-09-04,69.513
2025-09-05,68.447998
2025-09-08,69.027
2025-09-09,69.502998
2025-09-10,70.414001
2025-09-11,69.847
2025-09-12,70.200996
2025-09-15,70.739998
2025-09-16,70.973
2025-09-17,70.502998
2025-09-18,70.225998
2025-09-19,69.875999
2025-09-22,69.740997
2025-09-23,69.809998
2025-09-24,70.238998
2025-09-25,70.189003
2025-09-26,70.174004
2025-09-29,69.949997
2025-09-30,70.011002
2025-10-01,65.828003
2025-10-02,64.038002
2025-10-03,64.737999
2025-10-06,65.594002
2025-10-07,65.668999
2025-10-08,66.025002
2025-10-09,65.474998
2025-10-10,63.801998
2025-10-13,64.177002
2025-10-14,63.808998
2025-10-15,63.448002
2025-10-16,63.078999
2025-10-17,63.262001
2025-10-20,63.148998
2025-10-21,63.335999
2025-10-22,63.859001
2025-10-23,65.242996
2025-10-24,65.536003
2025-10-27,65.355003
2025-10-28,64.941002
2025-10-29,64.863998
2025-10-30,64.916
2025-10-31,64.999001
2025-11-03,66.304001
2025-11-04,65.537003
2025-11-05,65.101997
2025-11-06,64.726997
2025-11-07,64.928001
2025-11-10,65.374001
2025-11-11,65.960999
2025-11-12,64.273003
2025-11-13,64.452003
2025-11-14,65.181
2025-11-17,65.0
2025-11-18,65.203003
2025-11-19,64.662003
2025-11-20,64.668999
2025-11-21,64.386002
2025-11-24,64.500999
2025-11-25,64.325996
2025-11-26,64.404999
2025-11-28,64.473
2025-12-01,63.796001
2025-12-02,63.241001
2025-12-03,63.409
2025-12-04,63.894001
2025-12-05,64.264
2025-12-08,63.348999
2025-12-09,62.783001
2025-12-10,62.741001
2025-12-11,62.104
2025-12-12,62.063999
2025-12-15,61.695
2025-12-16,60.990002
2025-12-17,61.313999
2025-12-18,61.411999
2025-12-19,61.653999
2025-12-22,62.120998
2025-12-23,62.113998
2025-12-24,62.067001
2025-12-26,61.861
2025-12-29,62.015999
2025-12-30,62.015999
2025-12-31,62.037998
2026-01-02,60.198002
2026-01-05,60.314999
2026-01-06,59.162998
2026-01-07,58.346001
2026-01-08,60.081001
2026-01-09,61.018002
2026-01-12,61.173
2026-01-13,61.776001
2026-01-14,62.577
2026-01-15,61.286999
2026-01-16,61.662998
2026-01-20,61.792999
2026-01-21,61.849998
2026-01-22,61.410999
2026-01-23,61.674999
2026-01-26,61.583
2026-01-27,61.859001
2026-01-28,61.879002
2026-01-29,62.005001
2026-01-30,61.969002
2026-02-02,65.024002
2026-02-03,66.106003
2026-02-04,68.102997
2026-02-05,66.517998
2026-02-06,67.177002
2026-02-09,67.786003
2026-02-10,67.377998
2026-02-11,67.677002
2026-02-12,66.819
2026-02-13,67.045998
2026-02-17,66.913002
2026-02-18,68.060997
2026-02-19,68.495003
2026-02-20,68.503998
2026-02-23,68.379997
2026-02-24,68.226997
2026-02-25,68.32
2026-02-26,68.338997
2026-02-27,68.403999
2026-03-02,76.532997
2026-03-03,80.390999
2026-03-04,81.114998
2026-03-05,89.311996
2026-03-06,99.141998
2026-03-09,107.550003
2026-03-10,105.134003
2026-03-11,113.547997
2026-03-12,123.055
2026-03-13,127.861
2026-03-16,129.895004
2026-03-17,122.841003
2026-03-18,136.421005
2026-03-19,137.822006
2026-03-20,134.067993
2026-03-23,131.968994
2026-03-24,133.595993
2026-03-25,130.932007
2026-03-26,129.994003
2026-03-27,128.490005
2026-03-30,128.511002
2026-03-31,128.524002
2026-04-01,105.125
2026-04-02,117.250999
2026-04-06,120.431999
2026-04-07,119.053001
2026-04-08,104.152
2026-04-09,102.703003
2026-04-10,100.752998
2026-04-13,105.525002
2026-04-14,103.007004
2026-04-15,105.514
2026-04-16,104.933998
2026-04-17,100.445999
2026-04-20,101.653999
2026-04-21,102.875
2026-04-22,105.095001
2026-04-23,106.052002
2026-04-24,105.991997
2026-04-27,105.969002
2026-04-28,105.549004
2026-04-29,105.692001
2026-04-30,105.696999
2026-05-01,100.855003
2026-05-04,106.929001
2026-05-05,104.537003
2026-05-06,97.599998
2026-05-07,96.168999
2026-05-08,97.584999
2026-05-11,100.704002
2026-05-12,103.760002
2026-05-13,102.350998
2026-05-14,102.605003
2026-05-15,104.398003
2026-05-18,105.781998
2026-05-19,105.336998
2026-05-20,103.314003
2026-05-21,102.918999
2026-05-22,103.355003
2026-05-26,102.587997
2026-05-27,102.123001
2026-05-28,102.544998
2026-05-29,103.147003
2026-06-01,92.321999
2026-06-02,93.905998
2026-06-03,95.546997
2026-06-04,93.141998
2026-06-05,90.463997
2026-06-08,91.169998
2026-06-09,89.387001
2026-06-10,89.876999
2026-06-11,88.736
2026-06-12,86.927002
2026-06-15,84.228996
2026-06-16,80.655998
2026-06-17,81.294998
2026-06-18,81.286003
2026-06-22,80.353996
2026-06-23,80.237
2026-06-24,79.517998
2026-06-25,79.671997
2026-06-26,79.213997
2026-06-29,79.450996
2026-06-30,79.453003
2026-07-01,65.746002
2026-07-02,64.504997
2026-07-06,65.134003
2026-07-07,67.433998
2026-07-08,70.484001
2026-07-09,69.236
2026-07-10,69.209999
2026-07-13,73.425003
2026-07-14,74.641998
2026-07-15,74.454002
2026-07-16,73.764
2026-07-17,75.186996
2026-07-20,75.267998
2026-07-21,76.533997
2026-07-22,77.684998
2026-07-23,80.113998
2026-07-24,78.929001
2026-07-27,76.913002
2026-07-28,76.286003
2026-07-29,76.292999
2026-07-30,76.646004
2026-07-31,76.749001
2026-08-03,78.040001
2026-08-04,75.644997
2026-08-05,76.987
2026-08-06,78.375999
2026-08-07,79.100998
2026-08-10,84.064003
2026-08-11,84.560997
2026-08-12,85.091003
2026-08-13,84.441002
2026-08-14,85.307999
2026-08-17,87.057999
2026-08-18,87.588997
2026-08-19,87.873001
2026-08-20,89.517998
2026-08-21,90.274002
2026-08-24,90.103996
2026-08-25,89.139
2026-08-26,88.630997
2026-08-27,88.778
2026-08-28,88.720001
2026-08-31,88.75
2026-09-01,98.598999
2026-09-02,99.999001
2026-09-03,98.716003
2026-09-04,100.162003
2026-09-08,105.086998
2026-09-09,109.746002
2026-09-10,116.419998
2026-09-11,114.908997
2026-09-14,116.220001
2026-09-15,118.842003
2026-09-16,117.481003
2026-09-17,116.352997
2026-09-18,115.461998
2026-09-21,113.984001
2026-09-22,112.914001
2026-09-23,113.862999
2026-09-24,115.123001
2026-09-25,114.357002
2026-09-28,114.063004
2026-09-29,113.612999
2026-09-30,113.710999
2026-10-01,106.362999
2026-10-02,108.495003
